{
  "project_info": {
    "project_number": "106219063841",
    "project_id": "rakingproject",
    "storage_bucket": "rakingproject.appspot.com"
  },
  "client": [
    {
      "client_info": {
        "mobilesdk_app_id": "1:106219063841:android:5e006e7d042fba3ae4b160",
        "android_client_info": {
          "package_name": "com.example.rankingproject"
        }
      },
      "oauth_client": [
        {
          "client_id": "106219063841-pea11gsefj99k0r4m5k5jpfncbsb751i.apps.googleusercontent.com",
          "client_type": 3
        }
      ],
      "api_key": [
        {
          "current_key": "AIzaSyCRL3sr0L3GHGO7LXsBxPE3ieJvQHHgVS8"
        }
      ],
      "services": {
        "appinvite_service": {
          "other_platform_oauth_client": [
            {
              "client_id": "106219063841-pea11gsefj99k0r4m5k5jpfncbsb751i.apps.googleusercontent.com",
              "client_type": 3
            }
          ]
        }
      }
    }
  ],
  "configuration_version": "1"
}